{
  "project_info": {
    "project_number": "934822216222",
    "firebase_url": "https://snap-2a4fb.firebaseio.com",
    "project_id": "snap-2a4fb",
    "storage_bucket": "snap-2a4fb.appspot.com"
  },
  "client": [
    {
      "client_info": {
        "mobilesdk_app_id": "1:934822216222:android:70bb1e878598839b",
        "android_client_info": {
          "package_name": "srinikeerthi.value.com.firebase"
        }
      },
      "oauth_client": [
        {
          "client_id": "934822216222-4e1hrded0dgvsa58rkohqjtnn7ffq7mj.apps.googleusercontent.com",
          "client_type": 3
        }
      ],
      "api_key": [
        {
          "current_key": "AIzaSyBxVqllCc9eCqYhI545ErTYeMmERgsx5as"
        }
      ],
      "services": {
        "analytics_service": {
          "status": 1
        },
        "appinvite_service": {
          "status": 1,
          "other_platform_oauth_client": []
        },
        "ads_service": {
          "status": 2
        }
      }
    }
  ],
  "configuration_version": "1"
}